what,kind,bundleId,bundleVersion,description,time
started,bundle,org.eclipse.ltk.ui.refactoring,3.7.0.v20120523-1543,"org.eclipse.ltk.ui.refactoring",1389717343913
started,bundle,org.eclipse.search,3.8.0.v20120523-1540,"org.eclipse.search",1389717343913
started,bundle,org.eclipse.team.core,3.6.100.v20120524-0627,"org.eclipse.team.core",1389717343914
started,bundle,org.eclipse.team.ui,3.6.201.v20130125-135424,"org.eclipse.team.ui",1389717343914
started,bundle,org.eclipse.ui,3.104.0.v20121024-145224,"org.eclipse.ui",1389717343915
started,bundle,org.eclipse.ui.console,3.5.100.v20120521-2012,"org.eclipse.ui.console",1389717343915
started,bundle,org.eclipse.ui.editors,3.8.0.v20120523-1540,"org.eclipse.ui.editors",1389717343915
started,bundle,org.eclipse.ui.forms,3.5.200.v20120705-114351,"org.eclipse.ui.forms",1389717343916
started,bundle,org.eclipse.ui.ide,3.8.2.v20121106-165923,"org.eclipse.ui.ide",1389717343916
started,bundle,org.eclipse.ui.navigator,3.5.200.v20120705-114103,"org.eclipse.ui.navigator",1389717343917
started,bundle,org.eclipse.ui.net,1.2.101.v20120914-093638,"org.eclipse.ui.net",1389717343917
started,bundle,org.eclipse.ui.views,3.6.100.v20120705-114010,"org.eclipse.ui.views",1389717343918
started,bundle,org.eclipse.ui.workbench,3.104.0.v20130204-164612,"org.eclipse.ui.workbench",1389717343918
started,bundle,org.eclipse.ui.workbench.texteditor,3.8.0.v20120523-1310,"org.eclipse.ui.workbench.texteditor",1389717343918
started,bundle,org.eclipse.update.configurator,3.3.200.v20120912-144026,"org.eclipse.update.configurator",1389717343919
started,bundle,org.eclipse.epp.mpc.ui,1.1.1.I20110907-0947,"org.eclipse.epp.mpc.ui",1389717343919
started,bundle,org.eclipse.epp.usagedata.gathering,1.3.1.R201106061540,"org.eclipse.epp.usagedata.gathering",1389717343919
started,bundle,org.eclipse.epp.usagedata.recording,1.3.1.R201106061540,"org.eclipse.epp.usagedata.recording",1389717343920
started,bundle,org.eclipse.equinox.event,1.2.100.v20110502,"org.eclipse.equinox.event",1389717343920
started,bundle,org.eclipse.m2e.logback.configuration,1.0.200.20111228-1245,"org.eclipse.m2e.logback.configuration",1389717343921
started,bundle,org.eclipse.mylyn.bugzilla.core,3.6.5.v20120123-0100,"org.eclipse.mylyn.bugzilla.core",1389717343921
started,bundle,org.eclipse.mylyn.bugzilla.ui,3.6.0.v20110608-1400,"org.eclipse.mylyn.bugzilla.ui",1389717343922
started,bundle,org.eclipse.mylyn.commons.identity,0.8.0.v20110608-1400,"org.eclipse.mylyn.commons.identity",1389717343922
started,bundle,org.eclipse.mylyn.commons.net,3.6.0.v20110608-1400,"org.eclipse.mylyn.commons.net",1389717343922
started,bundle,org.eclipse.mylyn.commons.ui,3.6.1.v20110720-0100,"org.eclipse.mylyn.commons.ui",1389717343923
started,bundle,org.eclipse.mylyn.context.core,3.6.1.v20110720-0100,"org.eclipse.mylyn.context.core",1389717343923
started,bundle,org.eclipse.mylyn.context.ui,3.6.1.v20120112-0100,"org.eclipse.mylyn.context.ui",1389717343924
started,bundle,org.eclipse.mylyn.monitor.ui,3.6.0.v20110608-1400,"org.eclipse.mylyn.monitor.ui",1389717343924
started,bundle,org.eclipse.mylyn.tasks.ui,3.6.5.v20120215-0100,"org.eclipse.mylyn.tasks.ui",1389717343924
started,bundle,org.eclipse.mylyn.team.ui,3.6.1.v20110825-0100,"org.eclipse.mylyn.team.ui",1389717343925
started,bundle,org.eclipse.team.cvs.core,3.3.400.I20110510-0800,"org.eclipse.team.cvs.core",1389717343925
started,bundle,org.eclipse.team.cvs.ui,3.3.401.v20120126-1227,"org.eclipse.team.cvs.ui",1389717343926
started,bundle,org.eclipse.update.core,3.2.500.v20110330,"org.eclipse.update.core",1389717343932
started,bundle,org.eclipse.update.scheduler,3.2.300.v20100512,"org.eclipse.update.scheduler",1389717343932
started,bundle,org.eclipse.jdt.apt.core,3.3.500.v20120522-1651,"org.eclipse.jdt.apt.core",1389717343933
started,bundle,org.eclipse.jdt.apt.pluggable.core,1.0.400.v20120522-1651,"org.eclipse.jdt.apt.pluggable.core",1389717343933
started,bundle,org.eclipse.jdt.core,3.8.3.v20130121-145325,"org.eclipse.jdt.core",1389717343934
started,bundle,org.eclipse.jdt.core.manipulation,1.5.0.v20120523-1543,"org.eclipse.jdt.core.manipulation",1389717343934
started,bundle,org.eclipse.jdt.debug,3.7.101.v20120913-153601,"org.eclipse.jdt.debug",1389717343939
started,bundle,org.eclipse.jdt.debug.ui,3.6.100.v20120530-1425,"org.eclipse.jdt.debug.ui",1389717343939
started,bundle,org.eclipse.jdt.junit,3.7.100.v20120523-1543,"org.eclipse.jdt.junit",1389717343939
started,bundle,org.eclipse.jdt.launching,3.6.101.v20130111-183046,"org.eclipse.jdt.launching",1389717343940
started,bundle,org.eclipse.jdt.ui,3.8.2.v20130107-165834,"org.eclipse.jdt.ui",1389717343940
started,bundle,org.eclipse.pde.launching,3.6.100.v20120605-203027,"org.eclipse.pde.launching",1389717343940
started,bundle,org.eclipse.pde.ui,3.7.2.v20130121-093123,"org.eclipse.pde.ui",1389717343948
started,bundle,org.eclipse.ui.trace,1.0.1.v20121204-224553,"org.eclipse.ui.trace",1389717343948
started,bundle,org.eclipse.ui.views.log,1.0.300.v20120530-1435,"org.eclipse.ui.views.log",1389717343949
started,bundle,org.eclipse.wb.discovery.core,1.5.1.r42x201209161116,"org.eclipse.wb.discovery.core",1389717343949
started,bundle,org.eclipse.wb.discovery.ui,1.5.1.r42x201209161116,"org.eclipse.wb.discovery.ui",1389717343949
started,bundle,org.eclipse.egit.core,3.0.3.201309161630-r,"org.eclipse.egit.core",1389717343950
started,bundle,org.eclipse.egit.ui,3.0.3.201309161630-r,"org.eclipse.egit.ui",1389717343951
started,bundle,org.eclipse.jgit,3.0.3.201309161630-r,"org.eclipse.jgit",1389717343952
os,sysinfo,,,"win32",1389717343954
arch,sysinfo,,,"x86_64",1389717343954
ws,sysinfo,,,"win32",1389717343954
locale,sysinfo,,,"en_US",1389717343954
processors,sysinfo,,,"4",1389717343954
java.runtime.name,sysinfo,,,"Java(TM) SE Runtime Environment",1389717343954
java.runtime.version,sysinfo,,,"1.7.0_25-b16",1389717343954
java.specification.name,sysinfo,,,"Java Platform API Specification",1389717343954
java.specification.vendor,sysinfo,,,"Oracle Corporation",1389717343954
java.specification.version,sysinfo,,,"1.7",1389717343954
java.vendor,sysinfo,,,"Oracle Corporation",1389717343954
java.version,sysinfo,,,"1.7.0_25",1389717343954
java.vm.info,sysinfo,,,"mixed mode",1389717343954
java.vm.name,sysinfo,,,"Java HotSpot(TM) 64-Bit Server VM",1389717343954
java.vm.specification.name,sysinfo,,,"Java Virtual Machine Specification",1389717343954
java.vm.specification.vendor,sysinfo,,,"Oracle Corporation",1389717343954
java.vm.specification.version,sysinfo,,,"1.7",1389717343954
java.vm.vendor,sysinfo,,,"Oracle Corporation",1389717343954
java.vm.version,sysinfo,,,"23.25-b01",1389717343954
started,bundle,org.eclipse.m2e.usagedata,1.0.200.20111228-1245,"org.eclipse.m2e.usagedata",1389717343982
started,bundle,org.eclipse.epp.usagedata.ui,1.3.1.R201106061540,"org.eclipse.epp.usagedata.ui",1389717345054
activated,workbench,org.eclipse.ui.workbench,3.104.0.v20130204-164612,"",1389717441093
deactivated,workbench,org.eclipse.ui.workbench,3.104.0.v20130204-164612,"",1389717442254
activated,workbench,org.eclipse.ui.workbench,3.104.0.v20130204-164612,"",1389717442347
activated,view,org.eclipse.jdt.ui,3.8.2.v20130107-165834,"org.eclipse.jdt.ui.PackageExplorer",1389717442378
opened,editor,org.eclipse.jdt.ui,3.8.2.v20130107-165834,"org.eclipse.jdt.ui.CompilationUnitEditor",1389717443845
closed,editor,org.eclipse.jdt.ui,3.8.2.v20130107-165834,"org.eclipse.jdt.ui.CompilationUnitEditor",1389717443860
activated,editor,org.eclipse.jdt.ui,3.8.2.v20130107-165834,"org.eclipse.jdt.ui.CompilationUnitEditor",1389717443954
activated,view,org.eclipse.jdt.ui,3.8.2.v20130107-165834,"org.eclipse.jdt.ui.PackageExplorer",1389717446278
closed,editor,org.eclipse.jdt.ui,3.8.2.v20130107-165834,"org.eclipse.jdt.ui.CompilationUnitEditor",1389717454734
opened,editor,org.eclipse.jdt.ui,3.8.2.v20130107-165834,"org.eclipse.jdt.ui.CompilationUnitEditor",1389717672793
activated,editor,org.eclipse.jdt.ui,3.8.2.v20130107-165834,"org.eclipse.jdt.ui.CompilationUnitEditor",1389717672856
activated,view,org.eclipse.jdt.ui,3.8.2.v20130107-165834,"org.eclipse.jdt.ui.PackageExplorer",1389717673620
opened,editor,org.eclipse.jdt.ui,3.8.2.v20130107-165834,"org.eclipse.jdt.ui.CompilationUnitEditor",1389717673870
activated,editor,org.eclipse.jdt.ui,3.8.2.v20130107-165834,"org.eclipse.jdt.ui.CompilationUnitEditor",1389717673917
activated,view,org.eclipse.jdt.ui,3.8.2.v20130107-165834,"org.eclipse.jdt.ui.PackageExplorer",1389717674463
opened,editor,org.eclipse.jdt.ui,3.8.2.v20130107-165834,"org.eclipse.jdt.ui.CompilationUnitEditor",1389717674759
activated,editor,org.eclipse.jdt.ui,3.8.2.v20130107-165834,"org.eclipse.jdt.ui.CompilationUnitEditor",1389717674806
activated,view,org.eclipse.jdt.ui,3.8.2.v20130107-165834,"org.eclipse.jdt.ui.PackageExplorer",1389717675336
opened,editor,org.eclipse.jdt.ui,3.8.2.v20130107-165834,"org.eclipse.jdt.ui.CompilationUnitEditor",1389717675601
activated,editor,org.eclipse.jdt.ui,3.8.2.v20130107-165834,"org.eclipse.jdt.ui.CompilationUnitEditor",1389717675664
activated,view,org.eclipse.jdt.ui,3.8.2.v20130107-165834,"org.eclipse.jdt.ui.PackageExplorer",1389717676771
opened,editor,org.eclipse.jdt.ui,3.8.2.v20130107-165834,"org.eclipse.jdt.ui.CompilationUnitEditor",1389717676990
activated,editor,org.eclipse.jdt.ui,3.8.2.v20130107-165834,"org.eclipse.jdt.ui.CompilationUnitEditor",1389717677037
activated,view,org.eclipse.jdt.ui,3.8.2.v20130107-165834,"org.eclipse.jdt.ui.PackageExplorer",1389717681951
opened,editor,org.eclipse.jdt.ui,3.8.2.v20130107-165834,"org.eclipse.jdt.ui.CompilationUnitEditor",1389717682153
activated,editor,org.eclipse.jdt.ui,3.8.2.v20130107-165834,"org.eclipse.jdt.ui.CompilationUnitEditor",1389717682216
activated,view,org.eclipse.jdt.ui,3.8.2.v20130107-165834,"org.eclipse.jdt.ui.PackageExplorer",1389717682356
activated,editor,org.eclipse.jdt.ui,3.8.2.v20130107-165834,"org.eclipse.jdt.ui.CompilationUnitEditor",1389717916297
activated,view,org.eclipse.jdt.ui,3.8.2.v20130107-165834,"org.eclipse.jdt.ui.PackageExplorer",1389717940805
started,bundle,org.eclipse.cdt.debug.core,7.1.0.201202111925,"org.eclipse.cdt.debug.core",1389717943441
started,bundle,org.eclipse.cdt.debug.ui,7.1.2.201202111925,"org.eclipse.cdt.debug.ui",1389717943457
started,bundle,org.eclipse.core.variables,3.2.600.v20120521-2012,"org.eclipse.core.variables",1389717943862
started,bundle,org.eclipse.m2e.launching,1.0.200.20111228-1245,"org.eclipse.m2e.launching",1389717943940
started,bundle,org.eclipse.cdt.debug.mi.ui,6.1.1.201202111925,"org.eclipse.cdt.debug.mi.ui",1389717944018
started,bundle,org.eclipse.cdt.debug.mi.core,7.1.1.201202111925,"org.eclipse.cdt.debug.mi.core",1389717944081
deactivated,workbench,org.eclipse.ui.workbench,3.104.0.v20130204-164612,"",1389717944377
activated,workbench,org.eclipse.ui.workbench,3.104.0.v20130204-164612,"",1389718200565
activated,editor,org.eclipse.jdt.ui,3.8.2.v20130107-165834,"org.eclipse.jdt.ui.CompilationUnitEditor",1389718202594
activated,view,org.eclipse.jdt.ui,3.8.2.v20130107-165834,"org.eclipse.jdt.ui.PackageExplorer",1389718241298
opened,editor,org.eclipse.jdt.ui,3.8.2.v20130107-165834,"org.eclipse.jdt.ui.CompilationUnitEditor",1389718241516
activated,editor,org.eclipse.jdt.ui,3.8.2.v20130107-165834,"org.eclipse.jdt.ui.CompilationUnitEditor",1389718241579
activated,view,org.eclipse.jdt.ui,3.8.2.v20130107-165834,"org.eclipse.jdt.ui.PackageExplorer",1389718242234
opened,editor,org.eclipse.jdt.ui,3.8.2.v20130107-165834,"org.eclipse.jdt.ui.CompilationUnitEditor",1389718242437
activated,editor,org.eclipse.jdt.ui,3.8.2.v20130107-165834,"org.eclipse.jdt.ui.CompilationUnitEditor",1389718242499
activated,view,org.eclipse.jdt.ui,3.8.2.v20130107-165834,"org.eclipse.jdt.ui.PackageExplorer",1389718243451
opened,editor,org.eclipse.jdt.ui,3.8.2.v20130107-165834,"org.eclipse.jdt.ui.CompilationUnitEditor",1389718243653
activated,editor,org.eclipse.jdt.ui,3.8.2.v20130107-165834,"org.eclipse.jdt.ui.CompilationUnitEditor",1389718243700
activated,view,org.eclipse.jdt.ui,3.8.2.v20130107-165834,"org.eclipse.jdt.ui.PackageExplorer",1389718244215
opened,editor,org.eclipse.jdt.ui,3.8.2.v20130107-165834,"org.eclipse.jdt.ui.CompilationUnitEditor",1389718244449
activated,editor,org.eclipse.jdt.ui,3.8.2.v20130107-165834,"org.eclipse.jdt.ui.CompilationUnitEditor",1389718244511
activated,editor,org.eclipse.jdt.ui,3.8.2.v20130107-165834,"org.eclipse.jdt.ui.CompilationUnitEditor",1389718248880
closed,editor,org.eclipse.jdt.ui,3.8.2.v20130107-165834,"org.eclipse.jdt.ui.CompilationUnitEditor",1389718248880
activated,editor,org.eclipse.jdt.ui,3.8.2.v20130107-165834,"org.eclipse.jdt.ui.CompilationUnitEditor",1389718253528
closed,editor,org.eclipse.jdt.ui,3.8.2.v20130107-165834,"org.eclipse.jdt.ui.CompilationUnitEditor",1389718253528
activated,editor,org.eclipse.jdt.ui,3.8.2.v20130107-165834,"org.eclipse.jdt.ui.CompilationUnitEditor",1389718259768
closed,editor,org.eclipse.jdt.ui,3.8.2.v20130107-165834,"org.eclipse.jdt.ui.CompilationUnitEditor",1389718259768
activated,editor,org.eclipse.jdt.ui,3.8.2.v20130107-165834,"org.eclipse.jdt.ui.CompilationUnitEditor",1389718265088
activated,editor,org.eclipse.jdt.ui,3.8.2.v20130107-165834,"org.eclipse.jdt.ui.CompilationUnitEditor",1389718269331
closed,editor,org.eclipse.jdt.ui,3.8.2.v20130107-165834,"org.eclipse.jdt.ui.CompilationUnitEditor",1389718269331
activated,editor,org.eclipse.jdt.ui,3.8.2.v20130107-165834,"org.eclipse.jdt.ui.CompilationUnitEditor",1389718270392
activated,editor,org.eclipse.jdt.ui,3.8.2.v20130107-165834,"org.eclipse.jdt.ui.CompilationUnitEditor",1389718272202
closed,editor,org.eclipse.jdt.ui,3.8.2.v20130107-165834,"org.eclipse.jdt.ui.CompilationUnitEditor",1389718272202
activated,editor,org.eclipse.jdt.ui,3.8.2.v20130107-165834,"org.eclipse.jdt.ui.CompilationUnitEditor",1389718272919
activated,editor,org.eclipse.jdt.ui,3.8.2.v20130107-165834,"org.eclipse.jdt.ui.CompilationUnitEditor",1389718277849
activated,editor,org.eclipse.jdt.ui,3.8.2.v20130107-165834,"org.eclipse.jdt.ui.CompilationUnitEditor",1389718284526
activated,editor,org.eclipse.jdt.ui,3.8.2.v20130107-165834,"org.eclipse.jdt.ui.CompilationUnitEditor",1389718289456
activated,editor,org.eclipse.jdt.ui,3.8.2.v20130107-165834,"org.eclipse.jdt.ui.CompilationUnitEditor",1389718291203
closed,editor,org.eclipse.jdt.ui,3.8.2.v20130107-165834,"org.eclipse.jdt.ui.CompilationUnitEditor",1389718291203
activated,editor,org.eclipse.jdt.ui,3.8.2.v20130107-165834,"org.eclipse.jdt.ui.CompilationUnitEditor",1389718291889
activated,editor,org.eclipse.jdt.ui,3.8.2.v20130107-165834,"org.eclipse.jdt.ui.CompilationUnitEditor",1389718294432
closed,editor,org.eclipse.jdt.ui,3.8.2.v20130107-165834,"org.eclipse.jdt.ui.CompilationUnitEditor",1389718294432
activated,editor,org.eclipse.jdt.ui,3.8.2.v20130107-165834,"org.eclipse.jdt.ui.CompilationUnitEditor",1389718295415
activated,editor,org.eclipse.jdt.ui,3.8.2.v20130107-165834,"org.eclipse.jdt.ui.CompilationUnitEditor",1389718298114
closed,editor,org.eclipse.jdt.ui,3.8.2.v20130107-165834,"org.eclipse.jdt.ui.CompilationUnitEditor",1389718298114
activated,editor,org.eclipse.jdt.ui,3.8.2.v20130107-165834,"org.eclipse.jdt.ui.CompilationUnitEditor",1389718299221
activated,editor,org.eclipse.jdt.ui,3.8.2.v20130107-165834,"org.eclipse.jdt.ui.CompilationUnitEditor",1389718300173
activated,editor,org.eclipse.jdt.ui,3.8.2.v20130107-165834,"org.eclipse.jdt.ui.CompilationUnitEditor",1389718300922
activated,editor,org.eclipse.jdt.ui,3.8.2.v20130107-165834,"org.eclipse.jdt.ui.CompilationUnitEditor",1389718301920
activated,editor,org.eclipse.jdt.ui,3.8.2.v20130107-165834,"org.eclipse.jdt.ui.CompilationUnitEditor",1389718305290
executed,command,org.eclipse.jdt.ui,3.8.2.v20130107-165834,"org.eclipse.jdt.ui.edit.text.java.format",1389718307583
activated,editor,org.eclipse.jdt.ui,3.8.2.v20130107-165834,"org.eclipse.jdt.ui.CompilationUnitEditor",1389718313230
activated,editor,org.eclipse.jdt.ui,3.8.2.v20130107-165834,"org.eclipse.jdt.ui.CompilationUnitEditor",1389718320032
closed,editor,org.eclipse.jdt.ui,3.8.2.v20130107-165834,"org.eclipse.jdt.ui.CompilationUnitEditor",1389718324213
executed,command,org.eclipse.ui,3.104.0.v20121024-145224,"org.eclipse.ui.edit.copy",1389718330391
started,bundle,org.eclipse.mylyn.java.tasks,3.6.0.v20110608-1400,"org.eclipse.mylyn.java.tasks",1389718330765
deactivated,workbench,org.eclipse.ui.workbench,3.104.0.v20130204-164612,"",1389718331685
activated,workbench,org.eclipse.ui.workbench,3.104.0.v20130204-164612,"",1389718647073
deactivated,workbench,org.eclipse.ui.workbench,3.104.0.v20130204-164612,"",1389718647151
activated,workbench,org.eclipse.ui.workbench,3.104.0.v20130204-164612,"",1389718648196
closed,view,org.eclipse.jdt.ui,3.8.2.v20130107-165834,"org.eclipse.jdt.ui.PackageExplorer",1389718648227
closed,view,org.eclipse.ui.ide,3.8.2.v20121106-165923,"org.eclipse.ui.views.ProblemView",1389718648243
closed,view,org.eclipse.ui.console,3.5.100.v20120521-2012,"org.eclipse.ui.console.ConsoleView",1389718648259
closed,editor,org.eclipse.jdt.ui,3.8.2.v20130107-165834,"org.eclipse.jdt.ui.CompilationUnitEditor",1389718648259
closed,workbench,org.eclipse.ui.workbench,3.104.0.v20130204-164612,"",1389718648430
closed,workbench,org.eclipse.ui.workbench,3.104.0.v20130204-164612,"",1389718648836
stopped,bundle,org.eclipse.wst.common.snippets,1.2.200.v201204260225,"org.eclipse.wst.common.snippets",1389718649070
stopped,bundle,org.eclipse.wst.xsd.ui,1.2.500.v201203081826,"org.eclipse.wst.xsd.ui",1389718649070
stopped,bundle,org.eclipse.gef,3.7.2.v20111106-2020,"org.eclipse.gef",1389718649070
stopped,bundle,org.eclipse.draw2d,3.7.2.v20111017-2020,"org.eclipse.draw2d",1389718649085
stopped,bundle,org.eclipse.wst.common.modulecore.ui,1.0.201.v201208241600,"org.eclipse.wst.common.modulecore.ui",1389718649085
stopped,bundle,org.eclipse.wst.common.modulecore,1.2.201.v201301092200,"org.eclipse.wst.common.modulecore",1389718649085
stopped,bundle,com.android.ide.eclipse.ndk,22.0.1.v201305230001--685705,"com.android.ide.eclipse.ndk",1389718649085
stopped,bundle,overlay.com.android.ide.eclipse.adt.overlay,22.0.1.v201305230001--685705,"overlay.com.android.ide.eclipse.adt.overlay",1389718649101
stopped,bundle,com.android.ide.eclipse.adt,22.0.1.v201305230001--685705,"com.android.ide.eclipse.adt",1389718649101
stopped,bundle,org.eclipse.m2e.refactoring,1.0.200.20111228-1245,"org.eclipse.m2e.refactoring",1389718649117
stopped,bundle,org.eclipse.m2e.editor,1.0.200.20111228-1245,"org.eclipse.m2e.editor",1389718649117
stopped,bundle,org.eclipse.m2e.editor.xml,1.0.200.20111228-1245,"org.eclipse.m2e.editor.xml",1389718649117
stopped,bundle,org.eclipse.m2e.logback.configuration,1.0.200.20111228-1245,"org.eclipse.m2e.logback.configuration",1389718649117
stopped,bundle,org.eclipse.cdt,8.0.2.201202111925,"org.eclipse.cdt",1389718649132
stopped,bundle,org.eclipse.cdt.doc.user,5.1.1.201202111925,"org.eclipse.cdt.doc.user",1389718649132
stopped,bundle,org.eclipse.pde.ua.ui,1.0.200.v20120523-1453,"org.eclipse.pde.ua.ui",1389718649132
stopped,bundle,org.eclipse.pde.api.tools.ui,1.0.400.v20120523-2012,"org.eclipse.pde.api.tools.ui",1389718649132
stopped,bundle,org.eclipse.pde.ds.ui,1.0.200.v20120530-1435,"org.eclipse.pde.ds.ui",1389718649148
stopped,bundle,org.eclipse.pde.runtime,3.4.300.v20120523-1453,"org.eclipse.pde.runtime",1389718649148
stopped,bundle,org.eclipse.pde.ui.templates,3.4.500.v20120523-2012,"org.eclipse.pde.ui.templates",1389718649148
stopped,bundle,org.eclipse.wb.rcp.SWT_AWT,1.5.1.r42x201209161301,"org.eclipse.wb.rcp.SWT_AWT",1389718649195
stopped,bundle,org.eclipse.wb.rcp.databinding.emf,1.5.1.r42x201209161238,"org.eclipse.wb.rcp.databinding.emf",1389718649195
stopped,bundle,org.eclipse.wb.rcp.databinding.xwt,1.5.1.r42x201209161246,"org.eclipse.wb.rcp.databinding.xwt",1389718649195
stopped,bundle,org.eclipse.wb.rcp.databinding,1.5.1.r42x201209161238,"org.eclipse.wb.rcp.databinding",1389718649210
stopped,bundle,org.eclipse.wb.rcp.nebula,1.5.1.r42x201209161238,"org.eclipse.wb.rcp.nebula",1389718649210
stopped,bundle,org.eclipse.wb.rcp.swing2swt,1.5.1.r42x201209161238,"org.eclipse.wb.rcp.swing2swt",1389718649226
stopped,bundle,org.eclipse.wb.xwt,1.5.1.r42x201209161246,"org.eclipse.wb.xwt",1389718649241
stopped,bundle,org.eclipse.wb.rcp,1.5.1.r42x201209161238,"org.eclipse.wb.rcp",1389718649241
stopped,bundle,org.eclipse.pde.ui,3.7.2.v20130121-093123,"org.eclipse.pde.ui",1389718649241
stopped,bundle,org.eclipse.ui.cheatsheets,3.4.200.v20120521-2344,"org.eclipse.ui.cheatsheets",1389718649241
stopped,bundle,org.eclipse.help.ui,3.5.201.v20130108-092756,"org.eclipse.help.ui",1389718649241
stopped,bundle,org.eclipse.help.webapp,3.6.101.v20130116-182509,"org.eclipse.help.webapp",1389718649241
stopped,bundle,org.eclipse.epp.mpc.ui,1.1.1.I20110907-0947,"org.eclipse.epp.mpc.ui",1389718649241
stopped,bundle,org.eclipse.epp.usagedata.ui,1.3.1.R201106061540,"org.eclipse.epp.usagedata.ui",1389718649241
stopped,bundle,org.eclipse.ui.intro.universal,3.2.600.v20120912-155524,"org.eclipse.ui.intro.universal",1389718649257
stopped,bundle,org.eclipse.ui.intro,3.4.200.v20120521-2344,"org.eclipse.ui.intro",1389718649257
stopped,bundle,org.eclipse.help.base,3.6.101.v201302041200,"org.eclipse.help.base",1389718649257
activated,perspective,org.eclipse.jdt.ui,,"org.eclipse.jdt.ui.JavaPerspective",1389885915235
started,bundle,org.eclipse.osgi,3.8.2.v20130124-134944,"org.eclipse.osgi",1389885915235
started,bundle,com.ibm.icu,4.4.2.v20110823,"com.ibm.icu",1389885915235
started,bundle,org.eclipse.equinox.simpleconfigurator,1.0.301.v20120914-163612,"org.eclipse.equinox.simpleconfigurator",1389885915235
started,bundle,com.android.ide.eclipse.adt,22.0.1.v201305230001--685705,"com.android.ide.eclipse.adt",1389885915235
started,bundle,com.android.ide.eclipse.base,22.0.1.v201305230001--685705,"com.android.ide.eclipse.base",1389885915235
started,bundle,org.apache.felix.gogo.command,0.8.0.v201108120515,"org.apache.felix.gogo.command",1389885915235
started,bundle,org.apache.felix.gogo.runtime,0.8.0.v201108120515,"org.apache.felix.gogo.runtime",1389885915235
started,bundle,org.apache.felix.gogo.shell,0.8.0.v201110170705,"org.apache.felix.gogo.shell",1389885915235
started,bundle,org.eclipse.cdt.codan.checkers,1.0.1.201202111925,"org.eclipse.cdt.codan.checkers",1389885915235
started,bundle,org.eclipse.cdt.codan.core,2.0.0.201202111925,"org.eclipse.cdt.codan.core",1389885915235
started,bundle,org.eclipse.cdt.codan.core.cxx,1.0.0.201202111925,"org.eclipse.cdt.codan.core.cxx",1389885915250
started,bundle,org.eclipse.cdt.codan.ui.cxx,2.0.0.201202111925,"org.eclipse.cdt.codan.ui.cxx",1389885915250
started,bundle,org.eclipse.cdt.core,5.3.2.201202111925,"org.eclipse.cdt.core",1389885915250
started,bundle,org.eclipse.cdt.dsf,2.2.0.201202111925,"org.eclipse.cdt.dsf",1389885915250
started,bundle,org.eclipse.cdt.dsf.gdb,4.0.2.201202111925,"org.eclipse.cdt.dsf.gdb",1389885915250
started,bundle,org.eclipse.cdt.dsf.gdb.ui,2.2.1.201202111925,"org.eclipse.cdt.dsf.gdb.ui",1389885915266
started,bundle,org.eclipse.cdt.make.core,7.1.2.201202111925,"org.eclipse.cdt.make.core",1389885915266
started,bundle,org.eclipse.cdt.make.ui,7.1.2.201202111925,"org.eclipse.cdt.make.ui",1389885915282
started,bundle,org.eclipse.cdt.managedbuilder.core,8.0.2.201202111925,"org.eclipse.cdt.managedbuilder.core",1389885915282
started,bundle,org.eclipse.cdt.ui,5.3.2.201202111925,"org.eclipse.cdt.ui",1389885915297
started,bundle,org.eclipse.compare.core,3.5.200.v20120522-1148,"org.eclipse.compare.core",1389885915297
started,bundle,org.eclipse.core.contenttype,3.4.200.v20120523-2004,"org.eclipse.core.contenttype",1389885915297
started,bundle,org.eclipse.core.databinding.observable,1.4.1.v20120521-2329,"org.eclipse.core.databinding.observable",1389885915297
started,bundle,org.eclipse.core.expressions,3.4.401.v20120912-155018,"org.eclipse.core.expressions",1389885915297
started,bundle,org.eclipse.core.filebuffers,3.5.200.v20120523-1310,"org.eclipse.core.filebuffers",1389885915297
started,bundle,org.eclipse.core.filesystem,1.3.200.v20130115-145044,"org.eclipse.core.filesystem",1389885915297
started,bundle,org.eclipse.core.jobs,3.5.300.v20120912-155018,"org.eclipse.core.jobs",1389885915297
started,bundle,org.eclipse.core.net,1.2.200.v20120914-093638,"org.eclipse.core.net",1389885915297
started,bundle,org.eclipse.core.resources,3.8.1.v20121114-124432,"org.eclipse.core.resources",1389885915313
started,bundle,org.eclipse.core.runtime,3.8.0.v20120912-155025,"org.eclipse.core.runtime",1389885915313
started,bundle,org.eclipse.core.runtime.compatibility,3.2.200.v20120521-2346,"org.eclipse.core.runtime.compatibility",1389885915313
started,bundle,org.eclipse.debug.core,3.7.100.v20120521-2012,"org.eclipse.debug.core",1389885915313
started,bundle,org.eclipse.debug.ui,3.8.2.v20130130-171415,"org.eclipse.debug.ui",1389885915328
started,bundle,org.eclipse.e4.core.commands,0.10.1.v20120523-1955,"org.eclipse.e4.core.commands",1389885915328
started,bundle,org.eclipse.e4.core.contexts,1.2.0.v20121221-192508,"org.eclipse.e4.core.contexts",1389885915328
started,bundle,org.eclipse.e4.core.di,1.2.0.v20121024-173149,"org.eclipse.e4.core.di",1389885915328
started,bundle,org.eclipse.e4.core.di.extensions,0.11.100.v20121024-182359,"org.eclipse.e4.core.di.extensions",1389885915328
started,bundle,org.eclipse.e4.core.services,1.0.0.v20120521-2346,"org.eclipse.e4.core.services",1389885915328
started,bundle,org.eclipse.e4.ui.bindings,0.10.3.v20130123-162658,"org.eclipse.e4.ui.bindings",1389885915328
started,bundle,org.eclipse.e4.ui.css.swt,0.10.3.v20130123-162658,"org.eclipse.e4.ui.css.swt",1389885915328
started,bundle,org.eclipse.e4.ui.css.swt.theme,0.9.4.v20130123-162658,"org.eclipse.e4.ui.css.swt.theme",1389885915328
started,bundle,org.eclipse.e4.ui.di,0.10.1.v20120523-1955,"org.eclipse.e4.ui.di",1389885915328
started,bundle,org.eclipse.e4.ui.model.workbench,0.10.1.v20120523-1955,"org.eclipse.e4.ui.model.workbench",1389885915328
started,bundle,org.eclipse.e4.ui.services,0.10.3.v20130123-162658,"org.eclipse.e4.ui.services",1389885915328
started,bundle,org.eclipse.e4.ui.workbench,0.11.0.v20130125-100758,"org.eclipse.e4.ui.workbench",1389885915328
started,bundle,org.eclipse.e4.ui.workbench.addons.swt,0.10.3.v20130124-185622,"org.eclipse.e4.ui.workbench.addons.swt",1389885915328
started,bundle,org.eclipse.e4.ui.workbench.renderers.swt,0.10.3.v20130124-170312,"org.eclipse.e4.ui.workbench.renderers.swt",1389885915328
started,bundle,org.eclipse.e4.ui.workbench.swt,0.10.3.v20130124-133900,"org.eclipse.e4.ui.workbench.swt",1389885915328
started,bundle,org.eclipse.emf.common,2.8.0.v20130125-0546,"org.eclipse.emf.common",1389885915328
